Timestamp,Class_Name,Confidence_Score
2026-09-30 09:54:15,person,0.92
2026-09-30 09:54:15,person,0.91
2026-09-30 09:54:15,person,0.91
2026-09-30 09:54:15,person,0.91
2026-09-30 09:54:15,person,0.91
2026-09-30 09:54:15,person,0.91
2026-09-30 09:54:15,person,0.92
2026-09-30 09:54:15,person,0.92
2026-09-30 09:54:15,person,0.92
2026-09-30 09:54:15,person,0.91
2026-09-30 09:54:15,person,0.91
2026-09-30 09:54:15,person,0.91
2026-09-30 09:54:15,person,0.91
2026-09-30 09:54:15,person,0.91
2026-09-30 09:54:15,person,0.91
2026-09-30 09:54:15,person,0.91
2026-09-30 09:54:16,person,0.91
2026-09-30 09:54:16,person,0.91
2026-09-30 09:54:16,person,0.92
2026-09-30 09:54:16,person,0.92
2026-09-30 09:54:16,person,0.92
2026-09-30 09:54:16,person,0.92
2026-09-30 09:54:16,person,0.91
2026-09-30 09:54:16,person,0.91
2026-09-30 09:54:16,person,0.91
2026-09-30 09:54:16,person,0.91
2026-09-30 09:54:16,person,0.9
2026-09-30 09:54:16,person,0.9
2026-09-30 09:54:16,person,0.9
2026-09-30 09:54:16,person,0.9
2026-09-30 09:54:16,person,0.9
2026-09-30 09:54:16,person,0.9
2026-09-30 09:54:16,person,0.91
2026-09-30 09:54:16,person,0.9
2026-09-30 09:54:16,person,0.9
2026-09-30 09:54:17,person,0.9
2026-09-30 09:54:17,person,0.9
2026-09-30 09:54:17,person,0.9
2026-09-30 09:54:17,person,0.9
2026-09-30 09:54:17,person,0.9
2026-09-30 09:54:17,person,0.9
2026-09-30 09:54:17,person,0.9
2026-09-30 09:54:17,person,0.9
2026-09-30 09:54:17,person,0.9
2026-09-30 09:54:17,person,0.89
2026-09-30 09:54:17,person,0.89
2026-09-30 09:54:17,person,0.89
2026-09-30 09:54:17,person,0.92
2026-09-30 09:54:17,person,0.91
2026-09-30 09:54:17,person,0.92
2026-09-30 09:54:17,person,0.91
2026-09-30 09:54:17,person,0.91
2026-09-30 09:54:17,person,0.91
2026-09-30 09:54:18,person,0.92
2026-09-30 09:54:18,person,0.92
2026-09-30 09:54:18,person,0.92
2026-09-30 09:54:18,person,0.92
2026-09-30 09:54:18,person,0.92
2026-09-30 09:54:18,person,0.92
2026-09-30 09:54:18,person,0.92
2026-09-30 09:54:18,person,0.92
2026-09-30 09:54:18,person,0.92
2026-09-30 09:54:18,person,0.92
2026-09-30 09:54:18,person,0.92
2026-09-30 09:54:18,person,0.92
2026-09-30 09:54:18,person,0.92
2026-09-30 09:54:18,person,0.91
2026-09-30 09:54:18,person,0.91
2026-09-30 09:54:18,person,0.92
2026-09-30 09:54:18,person,0.92
2026-09-30 09:54:18,person,0.92
2026-09-30 09:54:19,person,0.92
2026-09-30 09:54:19,person,0.93
2026-09-30 09:54:19,person,0.93
2026-09-30 09:54:19,person,0.92
2026-09-30 09:54:19,person,0.92
2026-09-30 09:54:19,person,0.92
2026-09-30 09:54:19,person,0.92
2026-09-30 09:54:19,person,0.93
2026-09-30 09:54:19,person,0.93
2026-09-30 09:54:19,person,0.93
2026-09-30 09:54:19,person,0.93
2026-09-30 09:54:19,person,0.93
2026-09-30 09:54:19,person,0.92
2026-09-30 09:54:19,person,0.92
2026-09-30 09:54:19,person,0.91
2026-09-30 09:54:19,person,0.91
2026-09-30 09:54:19,person,0.92
2026-09-30 09:54:19,person,0.92
2026-09-30 09:54:19,person,0.92
2026-09-30 09:54:20,person,0.92
2026-09-30 09:54:20,person,0.92
2026-09-30 09:54:20,person,0.92
2026-09-30 09:54:20,person,0.92
2026-09-30 09:54:20,person,0.92
2026-09-30 09:54:20,person,0.92
2026-09-30 09:54:20,person,0.92
2026-09-30 09:54:20,person,0.92
2026-09-30 09:54:20,person,0.93
2026-09-30 09:54:20,person,0.93
2026-09-30 09:54:20,person,0.93
2026-09-30 09:54:20,person,0.93
2026-09-30 09:54:20,person,0.93
2026-09-30 09:54:20,person,0.93
2026-09-30 09:54:20,person,0.93
2026-09-30 09:54:20,person,0.93
2026-09-30 09:54:20,person,0.93
2026-09-30 09:54:21,person,0.92
2026-09-30 09:54:21,person,0.92
2026-09-30 09:54:21,person,0.92
2026-09-30 09:54:21,person,0.92
2026-09-30 09:54:21,person,0.92
2026-09-30 09:54:21,person,0.93
2026-09-30 09:54:21,person,0.92
2026-09-30 09:54:21,person,0.92
2026-09-30 09:54:21,person,0.92
2026-09-30 09:54:21,person,0.92
2026-09-30 09:54:21,person,0.92
2026-09-30 09:54:21,person,0.92
2026-09-30 09:54:21,person,0.92
2026-09-30 09:54:21,person,0.91
2026-09-30 09:54:21,person,0.91
2026-09-30 09:54:21,person,0.9
2026-09-30 09:54:21,person,0.92
2026-09-30 09:54:21,person,0.92
2026-09-30 09:54:21,person,0.92
2026-09-30 09:54:21,person,0.92
2026-09-30 09:54:22,person,0.91
2026-09-30 09:54:22,person,0.92
2026-09-30 09:54:22,person,0.92
2026-09-30 09:54:22,person,0.93
2026-09-30 09:54:22,person,0.92
2026-09-30 09:54:22,person,0.92
2026-09-30 09:54:22,person,0.92
2026-09-30 09:54:22,person,0.92
2026-09-30 09:54:22,person,0.93
2026-09-30 09:54:22,person,0.93
2026-09-30 09:54:22,person,0.93
2026-09-30 09:54:22,person,0.93
2026-09-30 09:54:22,person,0.93
2026-09-30 09:54:22,person,0.93
2026-09-30 09:54:23,person,0.92
2026-09-30 09:54:23,person,0.92
2026-09-30 09:54:23,person,0.92
2026-09-30 09:54:23,person,0.91
2026-09-30 09:54:23,person,0.91
2026-09-30 09:54:23,person,0.91
2026-09-30 09:54:23,person,0.91
2026-09-30 09:54:23,person,0.91
2026-09-30 09:54:23,person,0.91
2026-09-30 09:54:23,person,0.9
2026-09-30 09:54:23,person,0.91
2026-09-30 09:54:23,person,0.91
2026-09-30 09:54:23,person,0.91
2026-09-30 09:54:23,person,0.92
2026-09-30 09:54:23,person,0.92
2026-09-30 09:54:23,person,0.92
2026-09-30 09:54:23,person,0.91
2026-09-30 09:54:23,person,0.91
2026-09-30 09:54:23,person,0.91
2026-09-30 09:54:24,person,0.9
2026-09-30 09:54:24,person,0.9
2026-09-30 09:54:24,person,0.9
2026-09-30 09:54:24,person,0.9
2026-09-30 09:54:24,person,0.9
2026-09-30 09:54:24,person,0.88
2026-09-30 09:54:24,person,0.88
2026-09-30 09:54:24,person,0.88
2026-09-30 09:54:24,person,0.88
2026-09-30 09:54:24,person,0.89
2026-09-30 09:54:24,person,0.9
2026-09-30 09:54:24,person,0.89
2026-09-30 09:54:24,person,0.88
2026-09-30 09:54:24,person,0.88
2026-09-30 09:54:24,person,0.9
2026-09-30 09:54:24,person,0.9
2026-09-30 09:54:24,person,0.9
2026-09-30 09:54:24,person,0.9
2026-09-30 09:54:24,person,0.9
2026-09-30 09:54:25,person,0.91
2026-09-30 09:54:25,person,0.91
2026-09-30 09:54:25,person,0.91
2026-09-30 09:54:25,person,0.92
2026-09-30 09:54:25,person,0.92
2026-09-30 09:54:25,person,0.91
2026-09-30 09:54:25,person,0.92
2026-09-30 09:54:25,person,0.92
2026-09-30 09:54:25,person,0.92
2026-09-30 09:54:25,person,0.92
2026-09-30 09:54:25,person,0.92
2026-09-30 09:54:25,person,0.92
2026-09-30 09:54:25,person,0.93
2026-09-30 09:54:25,person,0.93
2026-09-30 09:54:25,person,0.92
2026-09-30 09:54:25,person,0.92
2026-09-30 09:54:25,person,0.92
2026-09-30 09:54:25,person,0.92
2026-09-30 09:54:25,person,0.92
2026-09-30 09:54:25,person,0.92
2026-09-30 09:54:26,person,0.91
2026-09-30 09:54:26,person,0.91
2026-09-30 09:54:26,person,0.91
2026-09-30 09:54:26,person,0.91
2026-09-30 09:54:26,person,0.9
2026-09-30 09:54:26,person,0.91
2026-09-30 09:54:26,person,0.92
2026-09-30 09:54:26,person,0.91
2026-09-30 09:54:26,person,0.91
2026-09-30 09:54:26,person,0.9
2026-09-30 09:54:26,person,0.91
2026-09-30 09:54:26,person,0.9
2026-09-30 09:54:26,person,0.91
2026-09-30 09:54:26,person,0.91
2026-09-30 09:54:26,person,0.91
2026-09-30 09:54:26,person,0.91
2026-09-30 09:54:27,person,0.92
2026-09-30 09:54:27,person,0.92
2026-09-30 09:54:27,person,0.93
2026-09-30 09:54:27,person,0.93
2026-09-30 09:54:27,person,0.93
2026-09-30 09:54:27,person,0.92
2026-09-30 09:54:27,person,0.92
2026-09-30 09:54:27,person,0.92
2026-09-30 09:54:27,person,0.91
2026-09-30 09:54:27,person,0.92
2026-09-30 09:54:27,person,0.92
2026-09-30 09:54:27,person,0.92
2026-09-30 09:54:27,person,0.92
2026-09-30 09:54:27,person,0.92
2026-09-30 09:54:27,person,0.93
2026-09-30 09:54:27,person,0.93
2026-09-30 09:54:27,person,0.92
2026-09-30 09:54:27,person,0.92
2026-09-30 09:54:27,person,0.92
2026-09-30 09:54:28,person,0.93
2026-09-30 09:54:28,person,0.92
2026-09-30 09:54:28,person,0.93
2026-09-30 09:54:28,person,0.93
2026-09-30 09:54:28,person,0.93
2026-09-30 09:54:28,person,0.92
2026-09-30 09:54:28,person,0.92
2026-09-30 09:54:28,person,0.92
2026-09-30 09:54:28,person,0.92
2026-09-30 09:54:28,person,0.91
2026-09-30 09:54:28,person,0.91
2026-09-30 09:54:28,person,0.9
2026-09-30 09:54:28,person,0.87
2026-09-30 09:54:28,person,0.88
2026-09-30 09:54:28,person,0.88
2026-09-30 09:54:28,person,0.87
2026-09-30 09:54:28,person,0.91
2026-09-30 09:54:28,person,0.89
2026-09-30 09:54:28,person,0.91
2026-09-30 09:54:29,person,0.91
2026-09-30 09:54:29,person,0.91
2026-09-30 09:54:29,person,0.92
2026-09-30 09:54:29,person,0.9
2026-09-30 09:54:29,person,0.9
2026-09-30 09:54:29,person,0.9
2026-09-30 09:54:29,person,0.9
2026-09-30 09:54:29,person,0.9
2026-09-30 09:54:29,person,0.93
2026-09-30 09:54:29,person,0.92
2026-09-30 09:54:29,person,0.92
2026-09-30 09:54:29,person,0.93
2026-09-30 09:54:29,person,0.93
2026-09-30 09:54:29,person,0.9
2026-09-30 09:54:29,person,0.89
2026-09-30 09:54:29,person,0.9
2026-09-30 09:54:29,person,0.9
2026-09-30 09:54:29,person,0.89
2026-09-30 09:54:29,person,0.91
2026-09-30 09:54:30,person,0.91
2026-09-30 09:54:30,person,0.93
2026-09-30 09:54:30,person,0.92
2026-09-30 09:54:30,person,0.92
2026-09-30 09:54:30,person,0.9
2026-09-30 09:54:30,person,0.9
2026-09-30 09:54:30,person,0.9
2026-09-30 09:54:30,person,0.89
2026-09-30 09:54:30,person,0.87
2026-09-30 09:54:30,person,0.9
2026-09-30 09:54:30,person,0.91
2026-09-30 09:54:30,person,0.92
2026-09-30 09:54:30,person,0.92
2026-09-30 09:54:30,person,0.93
2026-09-30 09:54:30,person,0.94
2026-09-30 09:54:30,person,0.94
2026-09-30 09:54:30,person,0.94
2026-09-30 09:54:30,person,0.92
2026-09-30 09:54:31,person,0.92
2026-09-30 09:54:31,person,0.91
2026-09-30 09:54:31,person,0.93
2026-09-30 09:54:31,person,0.93
2026-09-30 09:54:31,person,0.92
2026-09-30 09:54:31,person,0.94
2026-09-30 09:54:31,person,0.93
2026-09-30 09:54:31,person,0.93
2026-09-30 09:54:31,person,0.92
2026-09-30 09:54:31,person,0.92
2026-09-30 09:54:31,person,0.93
2026-09-30 09:54:31,person,0.92
2026-09-30 09:54:31,person,0.92
2026-09-30 09:54:31,person,0.92
2026-09-30 09:54:31,person,0.93
2026-09-30 09:54:31,person,0.93
2026-09-30 09:54:31,person,0.92
2026-09-30 09:54:31,person,0.9
2026-09-30 09:54:31,person,0.9
2026-09-30 09:54:32,person,0.91
2026-09-30 09:54:32,person,0.92
2026-09-30 09:54:32,person,0.88
2026-09-30 09:54:32,person,0.89
2026-09-30 09:54:32,person,0.91
2026-09-30 09:54:32,person,0.91
2026-09-30 09:54:32,person,0.9
2026-09-30 09:54:32,person,0.92
2026-09-30 09:54:32,person,0.9
2026-09-30 09:54:32,person,0.9
2026-09-30 09:54:32,person,0.91
2026-09-30 09:54:32,person,0.91
2026-09-30 09:54:32,person,0.91
2026-09-30 09:54:32,person,0.91
2026-09-30 09:54:32,person,0.92
2026-09-30 09:54:32,person,0.92
2026-09-30 09:54:32,person,0.92
2026-09-30 09:54:32,person,0.91
2026-09-30 09:54:32,person,0.91
2026-09-30 09:54:33,person,0.91
2026-09-30 09:54:33,person,0.91
2026-09-30 09:54:33,person,0.91
2026-09-30 09:54:33,person,0.91
2026-09-30 09:54:33,person,0.91
2026-09-30 09:54:33,person,0.91
2026-09-30 09:54:33,person,0.92
2026-09-30 09:54:33,person,0.91
2026-09-30 09:54:33,person,0.91
2026-09-30 09:54:33,person,0.92
2026-09-30 09:54:33,person,0.92
2026-09-30 09:54:33,person,0.91
2026-09-30 09:54:33,person,0.91
2026-09-30 09:54:33,person,0.91
2026-09-30 09:54:33,person,0.91
2026-09-30 09:54:33,person,0.9
2026-09-30 09:54:33,person,0.91
2026-09-30 09:54:34,person,0.91
2026-09-30 09:54:34,person,0.9
2026-09-30 09:54:34,person,0.91
2026-09-30 09:54:34,person,0.92
2026-09-30 09:54:34,person,0.92
2026-09-30 09:54:34,person,0.92
2026-09-30 09:54:34,person,0.92
2026-09-30 09:54:34,person,0.92
2026-09-30 09:54:34,person,0.91
2026-09-30 09:54:34,person,0.9
2026-09-30 09:54:34,person,0.91
2026-09-30 09:54:34,person,0.91
2026-09-30 09:54:34,person,0.92
2026-09-30 09:54:34,person,0.92
2026-09-30 09:54:34,person,0.9
2026-09-30 09:54:35,person,0.89
2026-09-30 09:54:35,person,0.9
2026-09-30 09:54:35,person,0.9
2026-09-30 09:54:35,person,0.91
2026-09-30 09:54:35,person,0.91
2026-09-30 09:54:35,person,0.91
2026-09-30 09:54:35,person,0.92
2026-09-30 09:54:35,person,0.91
2026-09-30 09:54:35,person,0.91
2026-09-30 09:54:35,person,0.88
2026-09-30 09:54:35,person,0.89
2026-09-30 09:54:35,person,0.89
2026-09-30 09:54:35,person,0.9
2026-09-30 09:54:35,person,0.9
2026-09-30 09:54:35,person,0.91
2026-09-30 09:54:35,person,0.9
2026-09-30 09:54:36,person,0.9
2026-09-30 09:54:36,person,0.9
2026-09-30 09:54:36,person,0.9
2026-09-30 09:54:36,person,0.9
2026-09-30 09:54:36,person,0.9
2026-09-30 09:54:36,person,0.9
2026-09-30 09:54:36,person,0.9
2026-09-30 09:54:36,person,0.9
2026-09-30 09:54:36,person,0.9
2026-09-30 09:54:36,person,0.9
2026-09-30 09:54:36,person,0.9
2026-09-30 09:54:36,person,0.91
2026-09-30 09:54:36,person,0.91
2026-09-30 09:54:36,person,0.91
2026-09-30 09:54:36,person,0.9
2026-09-30 09:54:37,person,0.9
2026-09-30 09:54:37,person,0.9
2026-09-30 09:54:37,person,0.9
2026-09-30 09:54:37,person,0.9
2026-09-30 09:54:37,person,0.9
2026-09-30 09:54:37,person,0.9
2026-09-30 09:54:37,person,0.91
2026-09-30 09:54:37,person,0.91
2026-09-30 09:54:37,person,0.91
2026-09-30 09:54:37,person,0.91
2026-09-30 09:54:37,person,0.9
2026-09-30 09:54:37,person,0.9
2026-09-30 09:54:37,person,0.9
2026-09-30 09:54:37,person,0.9
2026-09-30 09:54:37,person,0.9
